{
    "weight": 100,
    "density": 0.7,
    "min_height": 40,
    "dimension_filter": [
        "dimension_id:402"
    ],
    "surface_stone_material": "salt",

    "generator": {
        "type": "ellipsoid",
        "radius": [30, 30]
    },
    "filler": {
        "type": "ga_simple",
        "value": {
            "type": "weight_random",
            "values": [{
                    "weight": 75,
                    "value": "ore:pure:salt"
                },
                {
                    "weight": 15,
                    "value": "ore:pure:lepidolite"
                },
                {
                    "weight": 10,
                    "value": "ore:pure:spodumene"
                }
            ]
        }
    }
}