{
    "dims": [{
            "dimID": 0,
            "dimName": "Overworld"
        },
        {
            "dimID": 1,
            "dimName": "End"
        },
        {
            "dimID": -1,
            "dimName": "Nether"
        },
        {
            "dimID": 400,
            "dimName": "Titan"
        },
        {
            "dimID": 401,
            "dimName": "Pluto"
        },
        {
            "dimID": 402,
            "dimName": "Phobos"
        },
        {
            "dimID": 403,
            "dimName": "Mercury"
        },
        {
            "dimID": 405,
            "dimName": "Mars"
        },
        {
            "dimID": 406,
            "dimName": "Deimos"
        },
        {
            "dimID": 3,
            "dimName": "Moon"
        },
        {
            "dimID": 4,
            "dimName": "Deep dark"
        }
    ]
}
