{
    "weight": 100,
    "density": 0.6,
    "max_height": 100,
    "min_height": 10,
    "dimension_filter": [
        "dimension_id:401"
    ],
    "generator": {
        "type": "ellipsoid",
        "radius": [10, 10]
    },
    "filler": {
        "type": "ga_simple",
        "value": {
            "type": "weight_random",
            "values": [{
                    "weight": 10,
                    "value": "ore:aquamarine"
                },
                {
                    "weight": 10,
                    "value": "block:astralsorcery:blockcustomsandore"
                },
                {
                    "weight": 40,
                    "value": "ore:sapphire"
                },
                {
                    "weight": 40,
                    "value": "ore:green_sapphire"
                }
            ]
        }
    }
}
