{
    "weight": 70,
    "density": 0.6,
    "min_height": 10,
    "dimension_filter": [
        "dimension_id:3"
    ],
    "generator": {
        "type": "ellipsoid",
        "radius": [15, 15]
    },
    "filler": {
        "type": "simple",
        "value": {
            "type": "weight_random",
            "values": [{
                    "weight": 50,
                    "value": "ore:pyrochlore"
                },
                {
                    "weight": 50,
                    "value": "ore:columbite"
                }


            ]
        }
    }
}