{
    "weight": 100,
    "density": 0.6,
    "max_height": 100,
    "min_height": 10,
    "dimension_filter": [
        "dimension_id:3"
    ],
    "generator": {
        "type": "ellipsoid",
        "radius": [15, 15]
    },
    "filler": {
        "type": "simple",
        "value": {
            "type": "weight_random",
            "values": [{
                    "weight": 40,
                    "value": "ore:bauxite"
                },
                {
                    "weight": 20,
                    "value": "ore:rutile"
                },
                {
                    "weight": 30,
                    "value": "block:libvulpes:ore0"
                }


            ]
        }
    }
}