{
    "weight": 130,
    "density": 0.3,
    "max_height": 70,
    "min_height": 10,
    "dimension_filter": [
        "is_nether"
    ],
    "generator": {
        "type": "ellipsoid",
        "radius": [
            16,
            17
        ]
    },
    "filler": {
        "type": "simple",
        "value": {
            "type": "weight_random",
            "values": [{
                    "weight": 60,
                    "value": "ore:sulfur"
                },
                {
                    "weight": 60,
                    "value": "ore:niter"
                },
                {
                    "weight": 20,
                    "value": "ore:pyrite"
                },
                {
                    "weight": 20,
                    "value": "ore:sphalerite"
                },
                {
                    "weight": 15,
                    "value": "ore:tennantite"
                },
                {
                    "weight": 15,
                    "value": "ore:arsenopyrite"
                }
            ]
        }
    }
}
