{
    "weight": 40,
    "density": 0.3,
    "max_height": 90,
    "min_height": 40,
    "dimension_filter": ["is_nether"],
    "generator": {
        "type": "ellipsoid",
        "radius": [5, 5]
    },
    "filler": {
        "type": "simple",
        "value": {
            "type": "weight_random",
            "values": [{
                    "weight": 50,
                    "value": "ore:topaz"
                },
                {
                    "weight": 35,
                    "value": "ore:blue_topaz"
                },
                {
                    "weight": 15,
                    "value": "ore:zirkelite"
                }
            ]
        }
    }
}