{
    "weight": 30,
    "density": 0.3,
    "max_height": 90,
    "min_height": 40,
    "dimension_filter": ["is_nether"],
    "generator": {
        "type": "ellipsoid",
        "radius": [10, 10]
    },
    "filler": {
        "type": "simple",
        "value": {
            "type": "weight_random",
            "values": [{
                    "weight": 80,
                    "value": "ore:zircon"
                },
                {
                    "weight": 20,
                    "value": "ore:zirkelite"
                }
            ]
        }
    }
}