{
    "weight": 100,
    "density": 0.6,
    "max_height": 100,
    "min_height": 10,
    "dimension_filter": [
        "dimension_id:400"
    ],
    "generator": {
        "type": "ellipsoid",
        "radius": [20, 20]
    },
    "filler": {
        "type": "ga_simple",
        "value": {
            "type": "weight_random",
            "values": [{
                    "weight": 50,
                    "value": "ore:rich:coal"
                },
                {
                    "weight": 25,
                    "value": "ore:rich:lignite"
                },
                {
                    "weight": 25,
                    "value": "ore:rich:coke"
                }
            ]
        }
    }
}
