<!-->
	IMPORTANT NOTICE TO MODPACK MAKERS!!!!
	
	XML recipes are being DEPRECATED soon.
	This means that recipes registered via the XML for MACHINES will no longer work
	To avoid issues that may arise from this, please either distribute a RESOURCE PACK
	with relevant JSON recipes OR user Craft tweaker + Advanced rocketry tweaker (3rd party)
	https://minecraft.curseforge.com/projects/advanced-rocketry-tweaker
	
	IMPORTANT NOTICE TO MODPACK MAKERS!!!!
	
	
	<Recipe timeRequired="NUMBER" power="NUMBER">
		<input>
			<fluidStack>FLUID NAME;SIZE</fluidStack>
			<itemStack>ITEM_NAME;SIZE;META</itemStack>
			<oreDict>OREDICT_NAME;SIZE</oreDict>
        </input>
		<output>
			<fluidStack>FLUID_NAME;SIZE</fluidStack>
			<itemStack>ITEM_NAME;SIZE;META</itemStack>
			<oreDict>OREDICT_NAME;SIZE</oreDict>
		</output>
	</Recipe>
	
	Can have Multiple In/Outputs
	Some Machines can only Accept either Fluids or Items
	
	timeRequired="NUMBER"	how long a Recipe takes, Unit is in Ticks.
	power="NUMBER" how much Power the Recipes takes per Tick. Unit is in RF.
	
	The "useDefault" attribute will prevent loading of recipes if set to "false"
<!-->
<Recipes useDefault="true">
	<Recipe timeRequired="100" power ="2">
		<input>
			<itemStack>libvulpes:productsheet;2;6</itemStack>
			<fluidStack>water;100</fluidStack>
		</input>
		<output>
			<itemStack>advancedrocketry:pressuretank;1;1</itemStack>
		</output>
	</Recipe>
	<Recipe timeRequired="100" power ="4">
		<input>
			<itemStack>libvulpes:productsheet;2;9</itemStack>
			<fluidStack>water;100</fluidStack>
		</input>
		<output>
			<itemStack>advancedrocketry:pressuretank;1;2</itemStack>
		</output>
	</Recipe>
	<Recipe timeRequired="400" power ="8">
		<input>
			<itemStack>libvulpes:productsheet;2;7</itemStack>
			<fluidStack>water;100</fluidStack>
		</input>
		<output>
			<itemStack>advancedrocketry:pressuretank;1;3</itemStack>
		</output>
	</Recipe>
	<Recipe timeRequired="100" power ="1">
		<input>
			<itemStack>libvulpes:productsheet;2;1</itemStack>
			<fluidStack>water;100</fluidStack>
		</input>
		<output>
			<itemStack>advancedrocketry:pressuretank</itemStack>
		</output>
	</Recipe>
	<Recipe timeRequired="300" power ="200">
		<input>
			<oreDict>plateIron</oreDict>
			<fluidStack>water;100</fluidStack>
		</input>
		<output>
			<itemStack>libvulpes:productsheet;1;1</itemStack>
		</output>
	</Recipe>
	<Recipe timeRequired="300" power ="200">
		<input>
			<oreDict>plateCopper</oreDict>
			<fluidStack>water;100</fluidStack>
		</input>
		<output>
			<itemStack>libvulpes:productsheet;1;4</itemStack>
		</output>
	</Recipe>
	<Recipe timeRequired="300" power ="200">
		<input>
			<oreDict>plateSteel</oreDict>
			<fluidStack>water;100</fluidStack>
		</input>
		<output>
			<itemStack>libvulpes:productsheet;1;6</itemStack>
		</output>
	</Recipe>
	<Recipe timeRequired="300" power ="200">
		<input>
			<oreDict>plateTitanium</oreDict>
			<fluidStack>water;100</fluidStack>
		</input>
		<output>
			<itemStack>libvulpes:productsheet;1;7</itemStack>
		</output>
	</Recipe>
	<Recipe timeRequired="300" power ="200">
		<input>
			<oreDict>plateAluminum</oreDict>
			<fluidStack>water;100</fluidStack>
		</input>
		<output>
			<itemStack>libvulpes:productsheet;1;9</itemStack>
		</output>
	</Recipe>
	<Recipe timeRequired="300" power ="200">
		<input>
			<oreDict>plateTitaniumAluminide</oreDict>
			<fluidStack>water;100</fluidStack>
		</input>
		<output>
			<itemStack>advancedrocketry:productsheet</itemStack>
		</output>
	</Recipe>
	<Recipe timeRequired="300" power ="200">
		<input>
			<oreDict>plateTitaniumIridium</oreDict>
			<fluidStack>water;100</fluidStack>
		</input>
		<output>
			<itemStack>advancedrocketry:productsheet;1;1</itemStack>
		</output>
	</Recipe>
	<Recipe timeRequired="300" power ="20">
		<input>
			<oreDict>ingotOsmiridium</oreDict>
			<fluidStack>water;100</fluidStack>
		</input>
		<output>
			<itemStack>gregtech:meta_item_1;1;12207</itemStack>
		</output>
	</Recipe>
	<Recipe timeRequired="300" power ="20">
		<input>
			<oreDict>ingotBatteryAlloy</oreDict>
			<fluidStack>water;100</fluidStack>
		</input>
		<output>
			<itemStack>gregtech:meta_item_1;1;12091</itemStack>
		</output>
	</Recipe>
	<Recipe timeRequired="300" power ="20">
		<input>
			<oreDict>ingotBerkelium</oreDict>
			<fluidStack>water;100</fluidStack>
		</input>
		<output>
			<itemStack>gregtech:meta_item_1;1;12801</itemStack>
		</output>
	</Recipe>
	<Recipe timeRequired="300" power ="20">
		<input>
			<oreDict>ingotAluminum</oreDict>
			<fluidStack>water;100</fluidStack>
		</input>
		<output>
			<itemStack>thermalfoundation:material;1;324</itemStack>
		</output>
	</Recipe>
	<Recipe timeRequired="300" power ="20">
		<input>
			<oreDict>ingotUevSuperconductorBase</oreDict>
			<fluidStack>water;100</fluidStack>
		</input>
		<output>
			<itemStack>gregtech:meta_item_1;1;12738</itemStack>
		</output>
	</Recipe>
	<Recipe timeRequired="300" power ="20">
		<input>
			<oreDict>ingotLumium</oreDict>
			<fluidStack>water;100</fluidStack>
		</input>
		<output>
			<itemStack>thermalfoundation:material;1;358</itemStack>
		</output>
	</Recipe>
	<Recipe timeRequired="300" power ="20">
		<input>
			<oreDict>ingotNaquadah</oreDict>
			<fluidStack>water;100</fluidStack>
		</input>
		<output>
			<itemStack>gregtech:meta_item_1;1;12307</itemStack>
		</output>
	</Recipe>
	<Recipe timeRequired="300" power ="20">
		<input>
			<oreDict>ingotCobalt</oreDict>
			<fluidStack>water;100</fluidStack>
		</input>
		<output>
			<itemStack>gregtech:meta_item_1;1;12017</itemStack>
		</output>
	</Recipe>
	<Recipe timeRequired="300" power ="20">
		<input>
			<oreDict>ingotStaballoy</oreDict>
			<fluidStack>water;100</fluidStack>
		</input>
		<output>
			<itemStack>gregtech:meta_item_1;1;12983</itemStack>
		</output>
	</Recipe>
	<Recipe timeRequired="300" power ="20">
		<input>
			<oreDict>ingotEpoxid</oreDict>
			<fluidStack>water;100</fluidStack>
		</input>
		<output>
			<itemStack>gregtech:meta_item_1;1;12142</itemStack>
		</output>
	</Recipe>
	<Recipe timeRequired="300" power ="20">
		<input>
			<oreDict>ingotSeaborgium</oreDict>
			<fluidStack>water;100</fluidStack>
		</input>
		<output>
			<itemStack>gregtech:meta_item_1;1;12736</itemStack>
		</output>
	</Recipe>
	<Recipe timeRequired="300" power ="20">
		<input>
			<oreDict>ingotIncoloy813</oreDict>
			<fluidStack>water;100</fluidStack>
		</input>
		<output>
			<itemStack>gregtech:meta_item_1;1;12734</itemStack>
		</output>
	</Recipe>
	<Recipe timeRequired="300" power ="20">
		<input>
			<oreDict>ingotYttriumBariumCuprate</oreDict>
			<fluidStack>water;100</fluidStack>
		</input>
		<output>
			<itemStack>gregtech:meta_item_1;1;12200</itemStack>
		</output>
	</Recipe>
	<Recipe timeRequired="300" power ="20">
		<input>
			<oreDict>ingotRhenium</oreDict>
			<fluidStack>water;100</fluidStack>
		</input>
		<output>
			<itemStack>gregtech:meta_item_1;1;12763</itemStack>
		</output>
	</Recipe>
	<Recipe timeRequired="300" power ="20">
		<input>
			<oreDict>ingotEnderium</oreDict>
			<fluidStack>water;100</fluidStack>
		</input>
		<output>
			<itemStack>thermalfoundation:material;1;359</itemStack>
		</output>
	</Recipe>
	<Recipe timeRequired="300" power ="20">
		<input>
			<oreDict>ingotRutherfordium</oreDict>
			<fluidStack>water;100</fluidStack>
		</input>
		<output>
			<itemStack>gregtech:meta_item_1;1;12743</itemStack>
		</output>
	</Recipe>
	<Recipe timeRequired="300" power ="20">
		<input>
			<oreDict>ingotTumbaga</oreDict>
			<fluidStack>water;100</fluidStack>
		</input>
		<output>
			<itemStack>gregtech:meta_item_1;1;12981</itemStack>
		</output>
	</Recipe>
	<Recipe timeRequired="300" power ="20">
		<input>
			<oreDict>ingotUraniumRadioactive</oreDict>
			<fluidStack>water;100</fluidStack>
		</input>
		<output>
			<itemStack>gregtech:meta_item_1;1;12822</itemStack>
		</output>
	</Recipe>
	<Recipe timeRequired="300" power ="20">
		<input>
			<oreDict>ingotBabbittAlloy</oreDict>
			<fluidStack>water;100</fluidStack>
		</input>
		<output>
			<itemStack>gregtech:meta_item_1;1;12942</itemStack>
		</output>
	</Recipe>
	<Recipe timeRequired="300" power ="20">
		<input>
			<oreDict>ingotPolyvinylChloride</oreDict>
			<fluidStack>water;100</fluidStack>
		</input>
		<output>
			<itemStack>gregtech:meta_item_1;1;12965</itemStack>
		</output>
	</Recipe>
	<Recipe timeRequired="300" power ="20">
		<input>
			<oreDict>ingotPolycaprolactam</oreDict>
			<fluidStack>water;100</fluidStack>
		</input>
		<output>
			<itemStack>gregtech:meta_item_1;1;12144</itemStack>
		</output>
	</Recipe>
	<Recipe timeRequired="300" power ="20">
		<input>
			<oreDict>ingotPolystyrene</oreDict>
			<fluidStack>water;100</fluidStack>
		</input>
		<output>
			<itemStack>gregtech:meta_item_1;1;12395</itemStack>
		</output>
	</Recipe>
	<Recipe timeRequired="300" power ="20">
		<input>
			<oreDict>ingotUranium235</oreDict>
			<fluidStack>water;100</fluidStack>
		</input>
		<output>
			<itemStack>gregtech:meta_item_1;1;12076</itemStack>
		</output>
	</Recipe>
	<Recipe timeRequired="300" power ="20">
		<input>
			<oreDict>ingotEnrichedNaquadahAlloy</oreDict>
			<fluidStack>water;100</fluidStack>
		</input>
		<output>
			<itemStack>gregtech:meta_item_1;1;12733</itemStack>
		</output>
	</Recipe>
	<Recipe timeRequired="300" power ="20">
		<input>
			<oreDict>ingotIridium</oreDict>
			<fluidStack>water;100</fluidStack>
		</input>
		<output>
			<itemStack>thermalfoundation:material;1;327</itemStack>
		</output>
	</Recipe>
	<Recipe timeRequired="300" power ="20">
		<input>
			<oreDict>ingotRedAlloy</oreDict>
			<fluidStack>water;100</fluidStack>
		</input>
		<output>
			<itemStack>gregtech:meta_item_1;1;12237</itemStack>
		</output>
	</Recipe>
	<Recipe timeRequired="300" power ="20">
		<input>
			<oreDict>ingotLithium</oreDict>
			<fluidStack>water;100</fluidStack>
		</input>
		<output>
			<itemStack>gregtech:meta_item_1;1;12036</itemStack>
		</output>
	</Recipe>
	<Recipe timeRequired="300" power ="20">
		<input>
			<oreDict>ingotRubidium</oreDict>
			<fluidStack>water;100</fluidStack>
		</input>
		<output>
			<itemStack>gregtech:meta_item_1;1;12058</itemStack>
		</output>
	</Recipe>
	<Recipe timeRequired="300" power ="20">
		<input>
			<oreDict>ingotNeptunium</oreDict>
			<fluidStack>water;100</fluidStack>
		</input>
		<output>
			<itemStack>gregtech:meta_item_1;1;12818</itemStack>
		</output>
	</Recipe>
	<Recipe timeRequired="300" power ="20">
		<input>
			<oreDict>ingotUranium</oreDict>
			<fluidStack>water;100</fluidStack>
		</input>
		<output>
			<itemStack>gregtech:meta_item_1;1;12075</itemStack>
		</output>
	</Recipe>
	<Recipe timeRequired="300" power ="20">
		<input>
			<oreDict>ingotSamarium</oreDict>
			<fluidStack>water;100</fluidStack>
		</input>
		<output>
			<itemStack>gregtech:meta_item_1;1;12059</itemStack>
		</output>
	</Recipe>
	<Recipe timeRequired="300" power ="20">
		<input>
			<oreDict>ingotCurium</oreDict>
			<fluidStack>water;100</fluidStack>
		</input>
		<output>
			<itemStack>gregtech:meta_item_1;1;12807</itemStack>
		</output>
	</Recipe>
	<Recipe timeRequired="300" power ="20">
		<input>
			<oreDict>ingotInconelA</oreDict>
			<fluidStack>water;100</fluidStack>
		</input>
		<output>
			<itemStack>gregtech:meta_item_1;1;12986</itemStack>
		</output>
	</Recipe>
	<Recipe timeRequired="300" power ="20">
		<input>
			<oreDict>ingotElectrumFlux</oreDict>
			<fluidStack>water;100</fluidStack>
		</input>
		<output>
			<itemStack>redstonearsenal:material;1;128</itemStack>
		</output>
	</Recipe>
	<Recipe timeRequired="300" power ="20">
		<input>
			<oreDict>ingotReinforcedEpoxyResin</oreDict>
			<fluidStack>water;100</fluidStack>
		</input>
		<output>
			<itemStack>gregtech:meta_item_1;1;12470</itemStack>
		</output>
	</Recipe>
	<Recipe timeRequired="300" power ="20">
		<input>
			<oreDict>ingotAntimony</oreDict>
			<fluidStack>water;100</fluidStack>
		</input>
		<output>
			<itemStack>gregtech:meta_item_1;1;12003</itemStack>
		</output>
	</Recipe>
	<Recipe timeRequired="300" power ="20">
		<input>
			<oreDict>ingotKanthal</oreDict>
			<fluidStack>water;100</fluidStack>
		</input>
		<output>
			<itemStack>gregtech:meta_item_1;1;12127</itemStack>
		</output>
	</Recipe>
	<Recipe timeRequired="300" power ="20">
		<input>
			<oreDict>ingotZpmSuperconductorBase</oreDict>
			<fluidStack>water;100</fluidStack>
		</input>
		<output>
			<itemStack>gregtech:meta_item_1;1;12971</itemStack>
		</output>
	</Recipe>
	<Recipe timeRequired="300" power ="20">
		<input>
			<oreDict>ingotElectrum</oreDict>
			<fluidStack>water;100</fluidStack>
		</input>
		<output>
			<itemStack>thermalfoundation:material;1;353</itemStack>
		</output>
	</Recipe>
	<Recipe timeRequired="300" power ="20">
		<input>
			<oreDict>ingotOsmium</oreDict>
			<fluidStack>water;100</fluidStack>
		</input>
		<output>
			<itemStack>gregtech:meta_item_1;1;12047</itemStack>
		</output>
	</Recipe>
	<Recipe timeRequired="300" power ="20">
		<input>
			<oreDict>ingotTritanium</oreDict>
			<fluidStack>water;100</fluidStack>
		</input>
		<output>
			<itemStack>gregtech:meta_item_1;1;12311</itemStack>
		</output>
	</Recipe>
	<Recipe timeRequired="300" power ="20">
		<input>
			<oreDict>ingotTin</oreDict>
			<fluidStack>water;100</fluidStack>
		</input>
		<output>
			<itemStack>thermalfoundation:material;1;321</itemStack>
		</output>
	</Recipe>
	<Recipe timeRequired="300" power ="20">
		<input>
			<oreDict>ingotNickel</oreDict>
			<fluidStack>water;100</fluidStack>
		</input>
		<output>
			<itemStack>thermalfoundation:material;1;325</itemStack>
		</output>
	</Recipe>
	<Recipe timeRequired="300" power ="20">
		<input>
			<oreDict>ingotPlutonium</oreDict>
			<fluidStack>water;100</fluidStack>
		</input>
		<output>
			<itemStack>gregtech:meta_item_1;1;12052</itemStack>
		</output>
	</Recipe>
	<Recipe timeRequired="300" power ="20">
		<input>
			<oreDict>ingotConstantan</oreDict>
			<fluidStack>water;100</fluidStack>
		</input>
		<output>
			<itemStack>thermalfoundation:material;1;356</itemStack>
		</output>
	</Recipe>
	<Recipe timeRequired="300" power ="20">
		<input>
			<oreDict>ingotTitaniumIridium</oreDict>
			<fluidStack>water;100</fluidStack>
		</input>
		<output>
			<itemStack>advancedrocketry:productplate;1;1</itemStack>
		</output>
	</Recipe>
	<Recipe timeRequired="300" power ="20">
		<input>
			<oreDict>ingotCobaltBrass</oreDict>
			<fluidStack>water;100</fluidStack>
		</input>
		<output>
			<itemStack>gregtech:meta_item_1;1;12238</itemStack>
		</output>
	</Recipe>
	<Recipe timeRequired="300" power ="20">
		<input>
			<oreDict>ingotPotin</oreDict>
			<fluidStack>water;100</fluidStack>
		</input>
		<output>
			<itemStack>gregtech:meta_item_1;1;12984</itemStack>
		</output>
	</Recipe>
	<Recipe timeRequired="300" power ="20">
		<input>
			<oreDict>ingotPolytetrafluoroethylene</oreDict>
			<fluidStack>water;100</fluidStack>
		</input>
		<output>
			<itemStack>gregtech:meta_item_1;1;12145</itemStack>
		</output>
	</Recipe>
	<Recipe timeRequired="300" power ="20">
		<input>
			<oreDict>ingotDubnium</oreDict>
			<fluidStack>water;100</fluidStack>
		</input>
		<output>
			<itemStack>gregtech:meta_item_1;1;12742</itemStack>
		</output>
	</Recipe>
	<Recipe timeRequired="300" power ="20">
		<input>
			<oreDict>ingotVanadium</oreDict>
			<fluidStack>water;100</fluidStack>
		</input>
		<output>
			<itemStack>gregtech:meta_item_1;1;12077</itemStack>
		</output>
	</Recipe>
	<Recipe timeRequired="300" power ="20">
		<input>
			<oreDict>ingotCerium</oreDict>
			<fluidStack>water;100</fluidStack>
		</input>
		<output>
			<itemStack>gregtech:meta_item_1;1;12014</itemStack>
		</output>
	</Recipe>
	<Recipe timeRequired="300" power ="20">
		<input>
			<oreDict>ingotCalifornium</oreDict>
			<fluidStack>water;100</fluidStack>
		</input>
		<output>
			<itemStack>gregtech:meta_item_1;1;12797</itemStack>
		</output>
	</Recipe>
	<Recipe timeRequired="300" power ="20">
		<input>
			<oreDict>ingotNiobium</oreDict>
			<fluidStack>water;100</fluidStack>
		</input>
		<output>
			<itemStack>gregtech:meta_item_1;1;12045</itemStack>
		</output>
	</Recipe>
	<Recipe timeRequired="300" power ="20">
		<input>
			<oreDict>ingotPolyphenyleneSulfide</oreDict>
			<fluidStack>water;100</fluidStack>
		</input>
		<output>
			<itemStack>gregtech:meta_item_1;1;12411</itemStack>
		</output>
	</Recipe>
	<Recipe timeRequired="300" power ="20">
		<input>
			<oreDict>ingotNitinolA</oreDict>
			<fluidStack>water;100</fluidStack>
		</input>
		<output>
			<itemStack>gregtech:meta_item_1;1;12943</itemStack>
		</output>
	</Recipe>
	<Recipe timeRequired="300" power ="20">
		<input>
			<oreDict>ingotAmericium</oreDict>
			<fluidStack>water;100</fluidStack>
		</input>
		<output>
			<itemStack>gregtech:meta_item_1;1;12002</itemStack>
		</output>
	</Recipe>
	<Recipe timeRequired="300" power ="20">
		<input>
			<oreDict>ingotHssg</oreDict>
			<fluidStack>water;100</fluidStack>
		</input>
		<output>
			<itemStack>gregtech:meta_item_1;1;12302</itemStack>
		</output>
	</Recipe>
	<Recipe timeRequired="300" power ="20">
		<input>
			<oreDict>ingotHsse</oreDict>
			<fluidStack>water;100</fluidStack>
		</input>
		<output>
			<itemStack>gregtech:meta_item_1;1;12303</itemStack>
		</output>
	</Recipe>
	<Recipe timeRequired="300" power ="20">
		<input>
			<oreDict>ingotBronze</oreDict>
			<fluidStack>water;100</fluidStack>
		</input>
		<output>
			<itemStack>thermalfoundation:material;1;355</itemStack>
		</output>
	</Recipe>
	<Recipe timeRequired="300" power ="20">
		<input>
			<oreDict>ingotZylon</oreDict>
			<fluidStack>water;100</fluidStack>
		</input>
		<output>
			<itemStack>gregtech:meta_item_1;1;12729</itemStack>
		</output>
	</Recipe>
	<Recipe timeRequired="300" power ="20">
		<input>
			<oreDict>ingotGold</oreDict>
			<fluidStack>water;100</fluidStack>
		</input>
		<output>
			<itemStack>thermalfoundation:material;1;33</itemStack>
		</output>
	</Recipe>
	<Recipe timeRequired="300" power ="20">
		<input>
			<oreDict>ingotRuthenium</oreDict>
			<fluidStack>water;100</fluidStack>
		</input>
		<output>
			<itemStack>gregtech:meta_item_1;1;12883</itemStack>
		</output>
	</Recipe>
	<Recipe timeRequired="300" power ="20">
		<input>
			<oreDict>ingotMaragingSteelA</oreDict>
			<fluidStack>water;100</fluidStack>
		</input>
		<output>
			<itemStack>gregtech:meta_item_1;1;12985</itemStack>
		</output>
	</Recipe>
	<Recipe timeRequired="300" power ="20">
		<input>
			<oreDict>ingotAluminium</oreDict>
			<fluidStack>water;100</fluidStack>
		</input>
		<output>
			<itemStack>gregtech:meta_item_1;1;12001</itemStack>
		</output>
	</Recipe>
	<Recipe timeRequired="300" power ="20">
		<input>
			<oreDict>ingotSilver</oreDict>
			<fluidStack>water;100</fluidStack>
		</input>
		<output>
			<itemStack>thermalfoundation:material;1;322</itemStack>
		</output>
	</Recipe>
	<Recipe timeRequired="300" power ="20">
		<input>
			<oreDict>ingotRhodiumPlatedPalladium</oreDict>
			<fluidStack>water;100</fluidStack>
		</input>
		<output>
			<itemStack>gregtech:meta_item_1;1;12859</itemStack>
		</output>
	</Recipe>
	<Recipe timeRequired="300" power ="20">
		<input>
			<oreDict>ingotAbyssalAlloy</oreDict>
			<fluidStack>water;100</fluidStack>
		</input>
		<output>
			<itemStack>gregtech:meta_item_1;1;12755</itemStack>
		</output>
	</Recipe>
	<Recipe timeRequired="300" power ="20">
		<input>
			<oreDict>ingotThorium</oreDict>
			<fluidStack>water;100</fluidStack>
		</input>
		<output>
			<itemStack>gregtech:meta_item_1;1;12069</itemStack>
		</output>
	</Recipe>
	<Recipe timeRequired="300" power ="20">
		<input>
			<oreDict>ingotNeodymium</oreDict>
			<fluidStack>water;100</fluidStack>
		</input>
		<output>
			<itemStack>gregtech:meta_item_1;1;12042</itemStack>
		</output>
	</Recipe>
	<Recipe timeRequired="300" power ="20">
		<input>
			<oreDict>ingotCupronickel</oreDict>
			<fluidStack>water;100</fluidStack>
		</input>
		<output>
			<itemStack>gregtech:meta_item_1;1;12109</itemStack>
		</output>
	</Recipe>
	<Recipe timeRequired="300" power ="20">
		<input>
			<oreDict>ingotNaquadria</oreDict>
			<fluidStack>water;100</fluidStack>
		</input>
		<output>
			<itemStack>gregtech:meta_item_1;1;12310</itemStack>
		</output>
	</Recipe>
	<Recipe timeRequired="300" power ="20">
		<input>
			<oreDict>ingotIron</oreDict>
			<fluidStack>water;100</fluidStack>
		</input>
		<output>
			<itemStack>thermalfoundation:material;1;32</itemStack>
		</output>
	</Recipe>
	<Recipe timeRequired="300" power ="20">
		<input>
			<oreDict>ingotUhvSuperconductorBase</oreDict>
			<fluidStack>water;100</fluidStack>
		</input>
		<output>
			<itemStack>gregtech:meta_item_1;1;12740</itemStack>
		</output>
	</Recipe>
	<Recipe timeRequired="300" power ="20">
		<input>
			<oreDict>ingotAnnealedCopper</oreDict>
			<fluidStack>water;100</fluidStack>
		</input>
		<output>
			<itemStack>gregtech:meta_item_1;1;12087</itemStack>
		</output>
	</Recipe>
	<Recipe timeRequired="300" power ="20">
		<input>
			<oreDict>ingotDamascusSteel</oreDict>
			<fluidStack>water;100</fluidStack>
		</input>
		<output>
			<itemStack>gregtech:meta_item_1;1;12234</itemStack>
		</output>
	</Recipe>
	<Recipe timeRequired="300" power ="20">
		<input>
			<oreDict>ingotDarmstadtium</oreDict>
			<fluidStack>water;100</fluidStack>
		</input>
		<output>
			<itemStack>gregtech:meta_item_1;1;12043</itemStack>
		</output>
	</Recipe>
	<Recipe timeRequired="300" power ="20">
		<input>
			<oreDict>ingotChrome</oreDict>
			<fluidStack>water;100</fluidStack>
		</input>
		<output>
			<itemStack>gregtech:meta_item_1;1;12016</itemStack>
		</output>
	</Recipe>
	<Recipe timeRequired="300" power ="20">
		<input>
			<oreDict>ingotPlutonium241</oreDict>
			<fluidStack>water;100</fluidStack>
		</input>
		<output>
			<itemStack>gregtech:meta_item_1;1;12053</itemStack>
		</output>
	</Recipe>
	<Recipe timeRequired="300" power ="20">
		<input>
			<oreDict>ingotFermium</oreDict>
			<fluidStack>water;100</fluidStack>
		</input>
		<output>
			<itemStack>gregtech:meta_item_1;1;12786</itemStack>
		</output>
	</Recipe>
	<Recipe timeRequired="300" power ="20">
		<input>
			<oreDict>ingotTitaniumAluminide</oreDict>
			<fluidStack>water;100</fluidStack>
		</input>
		<output>
			<itemStack>advancedrocketry:productplate</itemStack>
		</output>
	</Recipe>
	<Recipe timeRequired="300" power ="20">
		<input>
			<oreDict>ingotMithril</oreDict>
			<fluidStack>water;100</fluidStack>
		</input>
		<output>
			<itemStack>thermalfoundation:material;1;328</itemStack>
		</output>
	</Recipe>
	<Recipe timeRequired="300" power ="20">
		<input>
			<oreDict>ingotHsss</oreDict>
			<fluidStack>water;100</fluidStack>
		</input>
		<output>
			<itemStack>gregtech:meta_item_1;1;12304</itemStack>
		</output>
	</Recipe>
	<Recipe timeRequired="300" power ="20">
		<input>
			<oreDict>ingotNiobiumNitride</oreDict>
			<fluidStack>water;100</fluidStack>
		</input>
		<output>
			<itemStack>gregtech:meta_item_1;1;12134</itemStack>
		</output>
	</Recipe>
	<Recipe timeRequired="300" power ="20">
		<input>
			<oreDict>ingotHastelloyX78</oreDict>
			<fluidStack>water;100</fluidStack>
		</input>
		<output>
			<itemStack>gregtech:meta_item_1;1;12732</itemStack>
		</output>
	</Recipe>
	<Recipe timeRequired="300" power ="20">
		<input>
			<oreDict>ingotTantalum</oreDict>
			<fluidStack>water;100</fluidStack>
		</input>
		<output>
			<itemStack>gregtech:meta_item_1;1;12066</itemStack>
		</output>
	</Recipe>
	<Recipe timeRequired="300" power ="20">
		<input>
			<oreDict>ingotTerbium</oreDict>
			<fluidStack>water;100</fluidStack>
		</input>
		<output>
			<itemStack>gregtech:meta_item_1;1;12068</itemStack>
		</output>
	</Recipe>
	<Recipe timeRequired="300" power ="20">
		<input>
			<oreDict>ingotMendelevium</oreDict>
			<fluidStack>water;100</fluidStack>
		</input>
		<output>
			<itemStack>gregtech:meta_item_1;1;12780</itemStack>
		</output>
	</Recipe>
	<Recipe timeRequired="300" power ="20">
		<input>
			<oreDict>ingotManganese</oreDict>
			<fluidStack>water;100</fluidStack>
		</input>
		<output>
			<itemStack>gregtech:meta_item_1;1;12039</itemStack>
		</output>
	</Recipe>
	<Recipe timeRequired="300" power ="20">
		<input>
			<oreDict>ingotGallium</oreDict>
			<fluidStack>water;100</fluidStack>
		</input>
		<output>
			<itemStack>gregtech:meta_item_1;1;12025</itemStack>
		</output>
	</Recipe>
	<Recipe timeRequired="300" power ="20">
		<input>
			<oreDict>ingotNaquadahEnriched</oreDict>
			<fluidStack>water;100</fluidStack>
		</input>
		<output>
			<itemStack>gregtech:meta_item_1;1;12309</itemStack>
		</output>
	</Recipe>
	<Recipe timeRequired="300" power ="20">
		<input>
			<oreDict>ingotPromethium</oreDict>
			<fluidStack>water;100</fluidStack>
		</input>
		<output>
			<itemStack>gregtech:meta_item_1;1;12056</itemStack>
		</output>
	</Recipe>
	<Recipe timeRequired="300" power ="20">
		<input>
			<oreDict>ingotSignalum</oreDict>
			<fluidStack>water;100</fluidStack>
		</input>
		<output>
			<itemStack>thermalfoundation:material;1;357</itemStack>
		</output>
	</Recipe>
	<Recipe timeRequired="300" power ="20">
		<input>
			<oreDict>ingotStrontium</oreDict>
			<fluidStack>water;100</fluidStack>
		</input>
		<output>
			<itemStack>gregtech:meta_item_1;1;12064</itemStack>
		</output>
	</Recipe>
	<Recipe timeRequired="300" power ="20">
		<input>
			<oreDict>ingotThulium</oreDict>
			<fluidStack>water;100</fluidStack>
		</input>
		<output>
			<itemStack>gregtech:meta_item_1;1;12070</itemStack>
		</output>
	</Recipe>
	<Recipe timeRequired="300" power ="20">
		<input>
			<oreDict>ingotBlackBronze</oreDict>
			<fluidStack>water;100</fluidStack>
		</input>
		<output>
			<itemStack>gregtech:meta_item_1;1;12229</itemStack>
		</output>
	</Recipe>
	<Recipe timeRequired="300" power ="20">
		<input>
			<oreDict>ingotHastelloyN</oreDict>
			<fluidStack>water;100</fluidStack>
		</input>
		<output>
			<itemStack>gregtech:meta_item_1;1;12982</itemStack>
		</output>
	</Recipe>
	<Recipe timeRequired="300" power ="20">
		<input>
			<oreDict>ingotEuropium</oreDict>
			<fluidStack>water;100</fluidStack>
		</input>
		<output>
			<itemStack>gregtech:meta_item_1;1;12022</itemStack>
		</output>
	</Recipe>
	<Recipe timeRequired="300" power ="20">
		<input>
			<oreDict>ingotHgAlloy</oreDict>
			<fluidStack>water;100</fluidStack>
		</input>
		<output>
			<itemStack>gregtech:meta_item_1;1;12941</itemStack>
		</output>
	</Recipe>
	<Recipe timeRequired="300" power ="20">
		<input>
			<oreDict>ingotDuranium</oreDict>
			<fluidStack>water;100</fluidStack>
		</input>
		<output>
			<itemStack>gregtech:meta_item_1;1;12312</itemStack>
		</output>
	</Recipe>
	<Recipe timeRequired="300" power ="20">
		<input>
			<oreDict>ingotGraphene</oreDict>
			<fluidStack>water;100</fluidStack>
		</input>
		<output>
			<itemStack>gregtech:meta_item_1;1;12205</itemStack>
		</output>
	</Recipe>
	<Recipe timeRequired="300" power ="20">
		<input>
			<oreDict>ingotBeryllium</oreDict>
			<fluidStack>water;100</fluidStack>
		</input>
		<output>
			<itemStack>gregtech:meta_item_1;1;12007</itemStack>
		</output>
	</Recipe>
	<Recipe timeRequired="300" power ="20">
		<input>
			<oreDict>ingotScandium</oreDict>
			<fluidStack>water;100</fluidStack>
		</input>
		<output>
			<itemStack>gregtech:meta_item_1;1;12060</itemStack>
		</output>
	</Recipe>
	<Recipe timeRequired="300" power ="20">
		<input>
			<oreDict>ingotStainlessSteel</oreDict>
			<fluidStack>water;100</fluidStack>
		</input>
		<output>
			<itemStack>gregtech:meta_item_1;1;12183</itemStack>
		</output>
	</Recipe>
	<Recipe timeRequired="300" power ="20">
		<input>
			<oreDict>ingotZirconiumCarbide</oreDict>
			<fluidStack>water;100</fluidStack>
		</input>
		<output>
			<itemStack>gregtech:meta_item_1;1;12905</itemStack>
		</output>
	</Recipe>
	<Recipe timeRequired="300" power ="20">
		<input>
			<oreDict>ingotSiliconRubber</oreDict>
			<fluidStack>water;100</fluidStack>
		</input>
		<output>
			<itemStack>gregtech:meta_item_1;1;12391</itemStack>
		</output>
	</Recipe>
	<Recipe timeRequired="300" power ="20">
		<input>
			<oreDict>ingotMagnalium</oreDict>
			<fluidStack>water;100</fluidStack>
		</input>
		<output>
			<itemStack>gregtech:meta_item_1;1;12129</itemStack>
		</output>
	</Recipe>
	<Recipe timeRequired="300" power ="20">
		<input>
			<oreDict>ingotEglinSteel</oreDict>
			<fluidStack>water;100</fluidStack>
		</input>
		<output>
			<itemStack>gregtech:meta_item_1;1;12989</itemStack>
		</output>
	</Recipe>
	<Recipe timeRequired="300" power ="20">
		<input>
			<oreDict>ingotPolybenzimidazole</oreDict>
			<fluidStack>water;100</fluidStack>
		</input>
		<output>
			<itemStack>gregtech:meta_item_1;1;12840</itemStack>
		</output>
	</Recipe>
	<Recipe timeRequired="300" power ="20">
		<input>
			<oreDict>ingotStellite</oreDict>
			<fluidStack>water;100</fluidStack>
		</input>
		<output>
			<itemStack>gregtech:meta_item_1;1;12980</itemStack>
		</output>
	</Recipe>
	<Recipe timeRequired="300" power ="20">
		<input>
			<oreDict>ingotPolyetheretherketone</oreDict>
			<fluidStack>water;100</fluidStack>
		</input>
		<output>
			<itemStack>gregtech:meta_item_1;1;12730</itemStack>
		</output>
	</Recipe>
	<Recipe timeRequired="300" power ="20">
		<input>
			<oreDict>ingotPlastic</oreDict>
			<fluidStack>water;100</fluidStack>
		</input>
		<output>
			<itemStack>gregtech:meta_item_1;1;12141</itemStack>
		</output>
	</Recipe>
	<Recipe timeRequired="300" power ="20">
		<input>
			<oreDict>ingotGrisium</oreDict>
			<fluidStack>water;100</fluidStack>
		</input>
		<output>
			<itemStack>gregtech:meta_item_1;1;12987</itemStack>
		</output>
	</Recipe>
	<Recipe timeRequired="300" power ="20">
		<input>
			<oreDict>ingotSterlingSilver</oreDict>
			<fluidStack>water;100</fluidStack>
		</input>
		<output>
			<itemStack>gregtech:meta_item_1;1;12227</itemStack>
		</output>
	</Recipe>
	<Recipe timeRequired="300" power ="20">
		<input>
			<oreDict>ingotBismuthBronze</oreDict>
			<fluidStack>water;100</fluidStack>
		</input>
		<output>
			<itemStack>gregtech:meta_item_1;1;12230</itemStack>
		</output>
	</Recipe>
	<Recipe timeRequired="300" power ="20">
		<input>
			<oreDict>ingotTungsten</oreDict>
			<fluidStack>water;100</fluidStack>
		</input>
		<output>
			<itemStack>gregtech:meta_item_1;1;12074</itemStack>
		</output>
	</Recipe>
	<Recipe timeRequired="300" power ="20">
		<input>
			<oreDict>ingotLead</oreDict>
			<fluidStack>water;100</fluidStack>
		</input>
		<output>
			<itemStack>thermalfoundation:material;1;323</itemStack>
		</output>
	</Recipe>
	<Recipe timeRequired="300" power ="20">
		<input>
			<oreDict>ingotHastelloyK243</oreDict>
			<fluidStack>water;100</fluidStack>
		</input>
		<output>
			<itemStack>gregtech:meta_item_1;1;12731</itemStack>
		</output>
	</Recipe>
	<Recipe timeRequired="300" power ="20">
		<input>
			<oreDict>ingotRubber</oreDict>
			<fluidStack>water;100</fluidStack>
		</input>
		<output>
			<itemStack>gregtech:meta_item_1;1;12152</itemStack>
		</output>
	</Recipe>
	<Recipe timeRequired="300" power ="20">
		<input>
			<oreDict>ingotErbium</oreDict>
			<fluidStack>water;100</fluidStack>
		</input>
		<output>
			<itemStack>gregtech:meta_item_1;1;12021</itemStack>
		</output>
	</Recipe>
	<Recipe timeRequired="300" power ="20">
		<input>
			<oreDict>ingotPraseodymium</oreDict>
			<fluidStack>water;100</fluidStack>
		</input>
		<output>
			<itemStack>gregtech:meta_item_1;1;12055</itemStack>
		</output>
	</Recipe>
	<Recipe timeRequired="300" power ="20">
		<input>
			<oreDict>ingotTungstenSteel</oreDict>
			<fluidStack>water;100</fluidStack>
		</input>
		<output>
			<itemStack>gregtech:meta_item_1;1;12235</itemStack>
		</output>
	</Recipe>
	<Recipe timeRequired="300" power ="20">
		<input>
			<oreDict>ingotIndiumGalliumPhosphide</oreDict>
			<fluidStack>water;100</fluidStack>
		</input>
		<output>
			<itemStack>gregtech:meta_item_1;1;12421</itemStack>
		</output>
	</Recipe>
	<Recipe timeRequired="300" power ="20">
		<input>
			<oreDict>ingotIncoloyMa</oreDict>
			<fluidStack>water;100</fluidStack>
		</input>
		<output>
			<itemStack>gregtech:meta_item_1;1;12940</itemStack>
		</output>
	</Recipe>
	<Recipe timeRequired="300" power ="20">
		<input>
			<oreDict>ingotSteel</oreDict>
			<fluidStack>water;100</fluidStack>
		</input>
		<output>
			<itemStack>thermalfoundation:material;1;352</itemStack>
		</output>
	</Recipe>
	<Recipe timeRequired="300" power ="20">
		<input>
			<oreDict>ingotZinc</oreDict>
			<fluidStack>water;100</fluidStack>
		</input>
		<output>
			<itemStack>gregtech:meta_item_1;1;12079</itemStack>
		</output>
	</Recipe>
	<Recipe timeRequired="300" power ="20">
		<input>
			<oreDict>ingotSolderingAlloy</oreDict>
			<fluidStack>water;100</fluidStack>
		</input>
		<output>
			<itemStack>gregtech:meta_item_1;1;12180</itemStack>
		</output>
	</Recipe>
	<Recipe timeRequired="300" power ="20">
		<input>
			<oreDict>ingotStyreneButadieneRubber</oreDict>
			<fluidStack>water;100</fluidStack>
		</input>
		<output>
			<itemStack>gregtech:meta_item_1;1;12398</itemStack>
		</output>
	</Recipe>
	<Recipe timeRequired="300" power ="20">
		<input>
			<oreDict>ingotVanadiumSteel</oreDict>
			<fluidStack>water;100</fluidStack>
		</input>
		<output>
			<itemStack>gregtech:meta_item_1;1;12301</itemStack>
		</output>
	</Recipe>
	<Recipe timeRequired="300" power ="20">
		<input>
			<oreDict>ingotGraphite</oreDict>
			<fluidStack>water;100</fluidStack>
		</input>
		<output>
			<itemStack>gregtech:meta_item_1;1;12204</itemStack>
		</output>
	</Recipe>
	<Recipe timeRequired="300" power ="20">
		<input>
			<oreDict>ingotWroughtIron</oreDict>
			<fluidStack>water;100</fluidStack>
		</input>
		<output>
			<itemStack>gregtech:meta_item_1;1;12197</itemStack>
		</output>
	</Recipe>
	<Recipe timeRequired="300" power ="20">
		<input>
			<oreDict>ingotTungstenCarbide</oreDict>
			<fluidStack>water;100</fluidStack>
		</input>
		<output>
			<itemStack>gregtech:meta_item_1;1;12300</itemStack>
		</output>
	</Recipe>
	<Recipe timeRequired="300" power ="20">
		<input>
			<oreDict>ingotPotassium</oreDict>
			<fluidStack>water;100</fluidStack>
		</input>
		<output>
			<itemStack>gregtech:meta_item_1;1;12054</itemStack>
		</output>
	</Recipe>
	<Recipe timeRequired="300" power ="20">
		<input>
			<oreDict>ingotTalonite</oreDict>
			<fluidStack>water;100</fluidStack>
		</input>
		<output>
			<itemStack>gregtech:meta_item_1;1;12979</itemStack>
		</output>
	</Recipe>
	<Recipe timeRequired="300" power ="20">
		<input>
			<oreDict>ingotBlueSteel</oreDict>
			<fluidStack>water;100</fluidStack>
		</input>
		<output>
			<itemStack>gregtech:meta_item_1;1;12233</itemStack>
		</output>
	</Recipe>
	<Recipe timeRequired="300" power ="20">
		<input>
			<oreDict>ingotRoseGold</oreDict>
			<fluidStack>water;100</fluidStack>
		</input>
		<output>
			<itemStack>gregtech:meta_item_1;1;12228</itemStack>
		</output>
	</Recipe>
	<Recipe timeRequired="300" power ="20">
		<input>
			<oreDict>ingotHvSuperconductorBase</oreDict>
			<fluidStack>water;100</fluidStack>
		</input>
		<output>
			<itemStack>gregtech:meta_item_1;1;12975</itemStack>
		</output>
	</Recipe>
	<Recipe timeRequired="300" power ="20">
		<input>
			<oreDict>ingotTellurium</oreDict>
			<fluidStack>water;100</fluidStack>
		</input>
		<output>
			<itemStack>gregtech:meta_item_1;1;12067</itemStack>
		</output>
	</Recipe>
	<Recipe timeRequired="300" power ="20">
		<input>
			<oreDict>ingotNaquadahAlloy</oreDict>
			<fluidStack>water;100</fluidStack>
		</input>
		<output>
			<itemStack>gregtech:meta_item_1;1;12308</itemStack>
		</output>
	</Recipe>
	<Recipe timeRequired="300" power ="20">
		<input>
			<oreDict>ingotTitanium</oreDict>
			<fluidStack>water;100</fluidStack>
		</input>
		<output>
			<itemStack>libvulpes:productplate;1;7</itemStack>
		</output>
	</Recipe>
	<Recipe timeRequired="300" power ="20">
		<input>
			<oreDict>ingotNiobiumTitanium</oreDict>
			<fluidStack>water;100</fluidStack>
		</input>
		<output>
			<itemStack>gregtech:meta_item_1;1;12135</itemStack>
		</output>
	</Recipe>
	<Recipe timeRequired="300" power ="20">
		<input>
			<oreDict>ingotCopper</oreDict>
			<fluidStack>water;100</fluidStack>
		</input>
		<output>
			<itemStack>thermalfoundation:material;1;320</itemStack>
		</output>
	</Recipe>
	<Recipe timeRequired="300" power ="20">
		<input>
			<oreDict>ingotTinAlloy</oreDict>
			<fluidStack>water;100</fluidStack>
		</input>
		<output>
			<itemStack>gregtech:meta_item_1;1;12189</itemStack>
		</output>
	</Recipe>
	<Recipe timeRequired="300" power ="20">
		<input>
			<oreDict>ingotBohrium</oreDict>
			<fluidStack>water;100</fluidStack>
		</input>
		<output>
			<itemStack>gregtech:meta_item_1;1;12735</itemStack>
		</output>
	</Recipe>
	<Recipe timeRequired="300" power ="20">
		<input>
			<oreDict>ingotUltimet</oreDict>
			<fluidStack>water;100</fluidStack>
		</input>
		<output>
			<itemStack>gregtech:meta_item_1;1;12192</itemStack>
		</output>
	</Recipe>
	<Recipe timeRequired="300" power ="20">
		<input>
			<oreDict>ingotPalladium</oreDict>
			<fluidStack>water;100</fluidStack>
		</input>
		<output>
			<itemStack>gregtech:meta_item_1;1;12049</itemStack>
		</output>
	</Recipe>
	<Recipe timeRequired="300" power ="20">
		<input>
			<oreDict>ingotBlackSteel</oreDict>
			<fluidStack>water;100</fluidStack>
		</input>
		<output>
			<itemStack>gregtech:meta_item_1;1;12231</itemStack>
		</output>
	</Recipe>
	<Recipe timeRequired="300" power ="20">
		<input>
			<oreDict>ingotMolybdenum</oreDict>
			<fluidStack>water;100</fluidStack>
		</input>
		<output>
			<itemStack>gregtech:meta_item_1;1;12041</itemStack>
		</output>
	</Recipe>
	<Recipe timeRequired="300" power ="20">
		<input>
			<oreDict>ingotSodium</oreDict>
			<fluidStack>water;100</fluidStack>
		</input>
		<output>
			<itemStack>gregtech:meta_item_1;1;12063</itemStack>
		</output>
	</Recipe>
	<Recipe timeRequired="300" power ="20">
		<input>
			<oreDict>ingotRhodium</oreDict>
			<fluidStack>water;100</fluidStack>
		</input>
		<output>
			<itemStack>gregtech:meta_item_1;1;12869</itemStack>
		</output>
	</Recipe>
	<Recipe timeRequired="300" power ="20">
		<input>
			<oreDict>ingotGalliumArsenide</oreDict>
			<fluidStack>water;100</fluidStack>
		</input>
		<output>
			<itemStack>gregtech:meta_item_1;1;12410</itemStack>
		</output>
	</Recipe>
	<Recipe timeRequired="300" power ="20">
		<input>
			<oreDict>ingotRedSteel</oreDict>
			<fluidStack>water;100</fluidStack>
		</input>
		<output>
			<itemStack>gregtech:meta_item_1;1;12232</itemStack>
		</output>
	</Recipe>
	<Recipe timeRequired="300" power ="20">
		<input>
			<oreDict>ingotPigIron</oreDict>
			<fluidStack>water;100</fluidStack>
		</input>
		<output>
			<itemStack>gregtech:meta_item_1;1;12140</itemStack>
		</output>
	</Recipe>
	<Recipe timeRequired="300" power ="20">
		<input>
			<oreDict>ingotIronMagnetic</oreDict>
			<fluidStack>water;100</fluidStack>
		</input>
		<output>
			<itemStack>gregtech:meta_item_1;1;12297</itemStack>
		</output>
	</Recipe>
	<Recipe timeRequired="300" power ="20">
		<input>
			<oreDict>ingotYttrium</oreDict>
			<fluidStack>water;100</fluidStack>
		</input>
		<output>
			<itemStack>gregtech:meta_item_1;1;12078</itemStack>
		</output>
	</Recipe>
	<Recipe timeRequired="300" power ="20">
		<input>
			<oreDict>ingotIvSuperconductorBase</oreDict>
			<fluidStack>water;100</fluidStack>
		</input>
		<output>
			<itemStack>gregtech:meta_item_1;1;12973</itemStack>
		</output>
	</Recipe>
	<Recipe timeRequired="300" power ="20">
		<input>
			<oreDict>ingotBrass</oreDict>
			<fluidStack>water;100</fluidStack>
		</input>
		<output>
			<itemStack>gregtech:meta_item_1;1;12094</itemStack>
		</output>
	</Recipe>
	<Recipe timeRequired="300" power ="20">
		<input>
			<oreDict>ingotFullerenePolymerMatrix</oreDict>
			<fluidStack>water;100</fluidStack>
		</input>
		<output>
			<itemStack>gregtech:meta_item_1;1;12728</itemStack>
		</output>
	</Recipe>
	<Recipe timeRequired="300" power ="20">
		<input>
			<oreDict>ingotSteelMagnetic</oreDict>
			<fluidStack>water;100</fluidStack>
		</input>
		<output>
			<itemStack>gregtech:meta_item_1;1;12298</itemStack>
		</output>
	</Recipe>
	<Recipe timeRequired="300" power ="20">
		<input>
			<oreDict>ingotProtactinium</oreDict>
			<fluidStack>water;100</fluidStack>
		</input>
		<output>
			<itemStack>gregtech:meta_item_1;1;12824</itemStack>
		</output>
	</Recipe>
	<Recipe timeRequired="300" power ="20">
		<input>
			<oreDict>ingotEvSuperconductorBase</oreDict>
			<fluidStack>water;100</fluidStack>
		</input>
		<output>
			<itemStack>gregtech:meta_item_1;1;12974</itemStack>
		</output>
	</Recipe>
	<Recipe timeRequired="300" power ="20">
		<input>
			<oreDict>ingotPlatinum</oreDict>
			<fluidStack>water;100</fluidStack>
		</input>
		<output>
			<itemStack>thermalfoundation:material;1;326</itemStack>
		</output>
	</Recipe>
	<Recipe timeRequired="300" power ="20">
		<input>
			<oreDict>ingotYtterbium</oreDict>
			<fluidStack>water;100</fluidStack>
		</input>
		<output>
			<itemStack>gregtech:meta_item_1;1;12353</itemStack>
		</output>
	</Recipe>
	<Recipe timeRequired="300" power ="20">
		<input>
			<oreDict>ingotPlutoniumRadioactive</oreDict>
			<fluidStack>water;100</fluidStack>
		</input>
		<output>
			<itemStack>gregtech:meta_item_1;1;12814</itemStack>
		</output>
	</Recipe>
	<Recipe timeRequired="300" power ="20">
		<input>
			<oreDict>ingotMvSuperconductorBase</oreDict>
			<fluidStack>water;100</fluidStack>
		</input>
		<output>
			<itemStack>gregtech:meta_item_1;1;12976</itemStack>
		</output>
	</Recipe>
	<Recipe timeRequired="300" power ="20">
		<input>
			<oreDict>ingotSilicon</oreDict>
			<fluidStack>water;100</fluidStack>
		</input>
		<output>
			<itemStack>libvulpes:productplate;1;3</itemStack>
		</output>
	</Recipe>
	<Recipe timeRequired="300" power ="20">
		<input>
			<oreDict>ingotUvSuperconductorBase</oreDict>
			<fluidStack>water;100</fluidStack>
		</input>
		<output>
			<itemStack>gregtech:meta_item_1;1;12745</itemStack>
		</output>
	</Recipe>
	<Recipe timeRequired="300" power ="20">
		<input>
			<oreDict>ingotLuvSuperconductorBase</oreDict>
			<fluidStack>water;100</fluidStack>
		</input>
		<output>
			<itemStack>gregtech:meta_item_1;1;12972</itemStack>
		</output>
	</Recipe>
	<Recipe timeRequired="300" power ="20">
		<input>
			<oreDict>ingotVanadiumGallium</oreDict>
			<fluidStack>water;100</fluidStack>
		</input>
		<output>
			<itemStack>gregtech:meta_item_1;1;12195</itemStack>
		</output>
	</Recipe>
	<Recipe timeRequired="300" power ="20">
		<input>
			<oreDict>ingotReactorSteel</oreDict>
			<fluidStack>water;100</fluidStack>
		</input>
		<output>
			<itemStack>gregtech:meta_item_1;1;12741</itemStack>
		</output>
	</Recipe>
	<Recipe timeRequired="300" power ="20">
		<input>
			<oreDict>ingotZirconium</oreDict>
			<fluidStack>water;100</fluidStack>
		</input>
		<output>
			<itemStack>gregtech:meta_item_1;1;12912</itemStack>
		</output>
	</Recipe>
	<Recipe timeRequired="300" power ="20">
		<input>
			<oreDict>ingotNeutronium</oreDict>
			<fluidStack>water;100</fluidStack>
		</input>
		<output>
			<itemStack>gregtech:meta_item_1;1;12993</itemStack>
		</output>
	</Recipe>
	<Recipe timeRequired="300" power ="20">
		<input>
			<oreDict>ingotInvar</oreDict>
			<fluidStack>water;100</fluidStack>
		</input>
		<output>
			<itemStack>thermalfoundation:material;1;354</itemStack>
		</output>
	</Recipe>
	<Recipe timeRequired="300" power ="20">
		<input>
			<oreDict>ingotNeodymiumMagnetic</oreDict>
			<fluidStack>water;100</fluidStack>
		</input>
		<output>
			<itemStack>gregtech:meta_item_1;1;12299</itemStack>
		</output>
	</Recipe>
	<Recipe timeRequired="300" power ="20">
		<input>
			<oreDict>ingotEinsteinium</oreDict>
			<fluidStack>water;100</fluidStack>
		</input>
		<output>
			<itemStack>gregtech:meta_item_1;1;12791</itemStack>
		</output>
	</Recipe>
	<Recipe timeRequired="300" power ="20">
		<input>
			<oreDict>ingotNichrome</oreDict>
			<fluidStack>water;100</fluidStack>
		</input>
		<output>
			<itemStack>gregtech:meta_item_1;1;12133</itemStack>
		</output>
	</Recipe>
	<Recipe timeRequired="300" power ="20">
		<input>
			<oreDict>ingotNickelZincFerrite</oreDict>
			<fluidStack>water;100</fluidStack>
		</input>
		<output>
			<itemStack>gregtech:meta_item_1;1;12424</itemStack>
		</output>
	</Recipe>
</Recipes>