{
    "weight": 10,
    "density": 0.5,
    "max_height": 30,
    "min_height": 10,
    "dimension_filter": [
        "dimension_id:403"
    ],
    "generator": {
        "type": "ellipsoid",
        "radius": [
            20,
            20
        ]
    },
    "filler": {
        "type": "ga_simple",
        "value": {
            "type": "weight_random",
            "values": [
                {
                    "weight": 72,
                    "value": "ore:pure:naquadric_compound"
                },
                {
                    "weight": 9,
                    "value": "ore:pure:enriched_naquadric_compound"
                },
                {
                    "weight": 2,
                    "value": "ore:pure:enriched_naquadric_compound"
                },
                {
                    "weight": 13,
                    "value": "ore:naquadriatic_compound"
                },
                {
                    "weight": 6,
                    "value": "ore:pure:naquadriatic_compound"
                }
            ]
        }
    }
}
