{
    "weight": 50,
    "density": 0.5,
    "max_height": 70,
    "min_height": 5,
    "dimension_filter": [
        "dimension_id:403"
    ],
    "generator": {
        "type": "ellipsoid",
        "radius": [
            13,
            13
        ]
    },
    "filler": {
        "type": "ga_simple",
        "value": {
            "type": "weight_random",
            "values": [{
                    "weight": 60,
                    "value": "ore:poor:diamond"
                },
                {
                    "weight": 40,
                    "value": "ore:nether_star"
                }

            ]
        }
    }
}
