{
    "weight": 15,
    "density": 0.4,
    "max_height": 40,
    "min_height": 10,
    "dimension_filter": [
        "dimension_id:403"
    ],
    "generator": {
        "type": "ellipsoid",
        "radius": [
            13,
            13
        ]
    },
    "filler": {
        "type": "ga_simple",
        "value": {
            "type": "weight_random",
            "values": [{
                    "weight": 60,
                    "value": "ore:pure:bastnasite"
                },
                {
                    "weight": 20,
                    "value": "ore:pure:monazite"
                },
                {
                    "weight": 20,
                    "value": "ore:neodymium"
                }
            ]
        }
    }
}