{
    "weight": 10,
    "density": 0.6,
    "max_height": 50,
    "min_height": 10,
    "dimension_filter": [
        "dimension_id:403"
    ],
    "generator": {
        "type": "ellipsoid",
        "radius": [
            13,
            13
        ]
    },
    "filler": {
        "type": "ga_simple",
        "value": {
            "type": "weight_random",
            "values": [{
                    "weight": 50,
                    "value": "ore:pure:platinum_metallic_powder"
                },
                {
                    "weight": 50,
                    "value": "ore:pure:palladium_metallic_powder"
                }
            ]
        }
    }
}