{
    "weight": 50,
    "density": 0.3,
    "max_height": 50,
    "min_height": 10,
    "dimension_filter": [
        "dimension_id:403"
    ],
    "generator": {
        "type": "ellipsoid",
        "radius": [
            16,
            17
        ]
    },
    "filler": {
        "type": "ga_simple",
        "value": {
            "type": "weight_random",
            "values": [{
                    "weight": 70,
                    "value": "ore:pure:sulfur"
                },
                {
                    "weight": 15,
                    "value": "ore:pure:tennantite"
                },
                {
                    "weight": 15,
                    "value": "ore:pure:arsenopyrite"
                }
            ]
        }
    }
}