{
    "weight": 10,
    "density": 0.5,
    "max_height": 40,
    "min_height": 10,
    "dimension_filter": ["name:the_end"],
    "generator": {
        "type": "ellipsoid",
        "radius": [
            8,
            8
        ]
    },
    "filler": {
        "type": "ga_simple",
        "value": {
            "type": "weight_random",
            "values": [{
                    "weight": 10,
                    "value": "ore:wulfenite"
                },
                {
                    "weight": 80,
                    "value": "ore:molybdenite"
                },
                {
                    "weight": 10,
                    "value": "ore:powellite"
                }
            ]
        }
    }
}