{
    "weight": 50,
    "density": 0.4,
    "max_height": 50,
    "min_height": 20,
    "surface_stone_material": "lithium",
    "dimension_filter": ["name:the_end"],

    "generator": {
        "type": "ellipsoid",
        "radius": [15, 15]
    },
    "filler": {
        "type": "simple",
        "value": {
            "type": "weight_random",
            "values": [{
                    "weight": 45,
                    "value": "ore:scheelite"
                },
                {
                    "weight": 45,
                    "value": "ore:tungstate"
                },
                {
                    "weight": 10,
                    "value": "ore:lithium"
                },
                {
                    "weight": 5,
                    "value": "ore:tellurium"
                }
            ]
        }
    }
}
