{
    "name": "advancedrocketry:charcoallog",
    "target-item": "advancedrocketry:charcoallog",
    "target-meta": 0,
    "target-count": 1,

    "duration": 100,

    "catalyst": "gregtech:meta_block_compressed_22",
    "catalyst-meta": "5",


    "input-types": {
        "a": {
            "id": "gregtech:meta_block_compressed_22",
            "meta": 5
        },
        "b": {
            "id": "minecraft:log",
            "meta": 0
        }
    },
    "shape": [
        [
            [
                "a",
                "a",
                "a"
            ],
            [
                "a",
                "a",
                "a"
            ],
            [
                "a",
                "a",
                "a"
            ]
        ],
        [
            [
                "a",
                "a",
                "a"
            ],
            [
                "a",
                "b",
                "a"
            ],
            [
                "a",
                "a",
                "a"
            ]
        ],
        [
            [
                "a",
                "a",
                "a"
            ],
            [
                "a",
                "a",
                "a"
            ],
            [
                "a",
                "a",
                "a"
            ]
        ]
    ]

}
