{
    "weight": 90,
    "density": 0.4,
    "min_height": 40,
    "dimension_filter": [
        "dimension_id:0", "dimension_id:111"
    ],
    "surface_stone_material": "aluminium",

    "generator": {
        "type": "ellipsoid",
        "radius": [15, 15]
    },
    "filler": {
        "type": "simple",
        "value": {
            "type": "weight_random",
            "values": [{
                    "weight": 50,
                    "value": "ore:aluminium"
                },
                {
                    "weight": 25,
                    "value": "ore:sphalerite"
                },
                {
                    "weight": 25,
                    "value": "ore:zinc"
                }
            ]
        }
    }
}