{
    "weight": 40,
    "density": 0.3,
    "max_height": 35,
    "dimension_filter": [
        "dimension_id:0", "dimension_id:111"
    ],
    "surface_stone_material": "thorium",

    "generator": {
        "type": "ellipsoid",
        "radius": [13, 13]
    },
    "filler": {
        "type": "ga_simple",
        "value": {
            "type": "weight_random",
            "values": [{
                    "weight": 30,
                    "value": "ore:beryllium"
                },
                {
                    "weight": 15,
                    "value": "ore:emerald"
                },
                {
                    "weight": 15,
                    "value": "ore:thorium"
                },
                {
                    "weight": 20,
                    "value": "ore:poor:bastnasite"
                },
                {
                    "weight": 20,
                    "value": "ore:uraninite"
                }
            ]
        }
    }
}