{
    "weight": 80,
    "density": 0.4,
    "max_height": 50,
    "min_height": 10,
    "dimension_filter": [
        "dimension_id:0", "dimension_id:111"
    ],
    "surface_stone_material": "bornite",

    "generator": {
        "type": "ellipsoid",
        "radius": [17, 19]
    },
    "filler": {
        "type": "simple",
        "value": {
            "type": "weight_random",
            "values": [{
                    "weight": 30,
                    "value": "ore:bornite"
                },
                {
                    "weight": 30,
                    "value": "ore:chalcocite"
                },
                {
                    "weight": 30,
                    "value": "ore:enargite"
                },
                {
                    "weight": 10,
                    "value": "ore:copper"
                }
            ]
        }
    }
}