{
    "weight": 80,
    "density": 0.6,
    "max_height": 60,
    "min_height": 50,
    "dimension_filter": [
        "dimension_id:0", "dimension_id:111"
    ],
    "generator": {
        "type": "ellipsoid",
        "radius": [11, 12]
    },
    "filler": {
        "type": "simple",
        "value": {
            "type": "weight_random",
            "values": [{
                    "weight": 30,
                    "value": "ore:cassiterite_sand"
                },
                {
                    "weight": 30,
                    "value": "ore:garnet_sand"
                },
                {
                    "weight": 30,
                    "value": "ore:asbestos"
                },
                {
                    "weight": 10,
                    "value": "ore:diatomite"
                }
            ]
        }
    }
}