{
    "weight": 70,
    "density": 0.6,
    "min_height": 50,
    "dimension_filter": [
        "dimension_id:0", "dimension_id:111"
    ],
    "surface_stone_material": "coal",

    "generator": {
        "type": "ellipsoid",
        "radius": [16, 16]
    },
    "filler": {
        "type": "ga_simple",
        "value": {
            "type": "weight_random",
            "values": [{
                    "weight": 25,
                    "value": "ore:poor:lignite"
                },
                {
                    "weight": 75,
                    "value": "ore:coal"
                }
            ]
        }
    }
}