{
    "weight": 50,
    "density": 0.5,
    "max_height": 50,
    "min_height": 5,
    "dimension_filter": [
        "dimension_id:0", "dimension_id:111"
    ],
    "surface_stone_material": "diamond",

    "generator": {
        "type": "ellipsoid",
        "radius": [13, 13]
    },
    "filler": {
        "type": "ga_simple",
        "value": {
            "type": "weight_random",
            "values": [{
                    "weight": 20,
                    "value": "ore:diamond"
                },
                {
                    "weight": 80,
                    "value": "ore:coal"
                }
            ]
        }
    }
}
