{
    "weight": 40,
    "density": 0.6,
    "min_height": 150,
    "dimension_filter": [
        "dimension_id:0", "dimension_id:111"
    ],
    "generator": {
        "type": "ellipsoid",
        "radius": [13, 13]
    },
    "filler": {
        "type": "simple",
        "value": {
            "type": "weight_random",
            "values": [{
                    "weight": 30,
                    "value": "ore:dolomite"
                },
                {
                    "weight": 30,
                    "value": "ore:wollastonite"
                },
                {
                    "weight": 30,
                    "value": "ore:trona"
                },
                {
                    "weight": 10,
                    "value": "ore:andradite"
                }
            ]
        }
    }
}