{
    "weight": 40,
    "density": 0.5,
    "max_height": 60,
    "min_height": 30,
    "dimension_filter": [
        "dimension_id:0", "dimension_id:111"
    ],
    "surface_stone_material": "lead",

    "generator": {
        "type": "ellipsoid",
        "radius": [13, 16]
    },
    "filler": {
        "type": "ga_simple",
        "value": {
            "type": "weight_random",
            "values": [{
                    "weight": 25,
                    "value": "ore:galena"
                },
                {
                    "weight": 25,
                    "value": "ore:poor:galena"
                },
                {
                    "weight": 25,
                    "value": "ore:silver"
                },
                {
                    "weight": 25,
                    "value": "ore:lead"
                }
            ]
        }
    }
}