{
    "weight": 60,
    "density": 0.5,
    "max_height": 70,
    "min_height": 50,
    "dimension_filter": [
        "dimension_id:0", "dimension_id:111"
    ],
    "generator": {
        "type": "ellipsoid",
        "radius": [13, 13]
    },
    "filler": {
        "type": "simple",
        "value": {
            "type": "weight_random",
            "values": [{
                    "weight": 30,
                    "value": "ore:kaolinite"
                },
                {
                    "weight": 30,
                    "value": "ore:zeolite"
                },
                {
                    "weight": 20,
                    "value": "ore:fullers_earth"
                },
                {
                    "weight": 20,
                    "value": "ore:glauconite_sand"
                }
            ]
        }
    }
}