{
    "weight": 50,
    "density": 0.5,
    "max_height": 50,
    "min_height": 20,
    "dimension_filter": [
        "dimension_id:0", "dimension_id:111"
    ],
    "surface_stone_material": "lapis",

    "generator": {
        "type": "ellipsoid",
        "radius": [13, 15]
    },
    "filler": {
        "type": "ga_simple",
        "value": {
            "type": "weight_random",
            "values": [{
                    "weight": 15,
                    "value": "ore:lazurite"
                },
                {
                    "weight": 15,
                    "value": "ore:poor:lazurite"
                },
                {
                    "weight": 10,
                    "value": "ore:barytocalcite"
                },
                {
                    "weight": 5,
                    "value": "ore:sodalite"
                },
                {
                    "weight": 5,
                    "value": "ore:witherite"
                },
                {
                    "weight": 35,
                    "value": "ore:lapis"
                },
                {
                    "weight": 15,
                    "value": "ore:calcite"
                }
            ]
        }
    }
}
