{
    "weight": 100,
    "density": 0.3,
    "min_height": 10,
    "dimension_filter": [
        "dimension_id:0", "dimension_id:111"
    ],
    "generator": {
        "type": "ellipsoid",
        "radius": [19, 22]
    },
    "filler": {
        "type": "ga_simple",
        "value": {
            "type": "weight_random",
            "values": [{
                    "weight": 60,
                    "value": "ore:magnetite"
                },
                {
                    "weight": 15,
                    "value": "ore:iron"
                },
                {
                    "weight": 15,
                    "value": "ore:poor:vanadium_magnetite"
                },
                {
                    "weight": 10,
                    "value": "ore:precious_metal"
                }
            ]
        }
    }
}
