{
    "weight": 45,
    "density": 0.3,
    "max_height": 50,
    "min_height": 20,
    "dimension_filter": [
        "dimension_id:0", "dimension_id:111"
    ],
    "surface_stone_material": "grossular",

    "generator": {
        "type": "ellipsoid",
        "radius": [13, 13]
    },
    "filler": {
        "type": "simple",
        "value": {
            "type": "weight_random",
            "values": [{
                    "weight": 30,
                    "value": "ore:grossular"
                },
                {
                    "weight": 30,
                    "value": "ore:spessartine"
                },
                {
                    "weight": 30,
                    "value": "ore:pyrolusite"
                },
                {
                    "weight": 10,
                    "value": "ore:tantalite"
                }
            ]
        }
    }
}
