{
    "weight": 70,
    "density": 0.4,
    "max_height": 45,
    "min_height": 10,
    "dimension_filter": [
        "dimension_id:0", "dimension_id:111"
    ],
    "surface_stone_material": "nickel",

    "generator": {
        "type": "ellipsoid",
        "radius": [13, 14]
    },
    "filler": {
        "type": "ga_simple",
        "value": {
            "type": "weight_random",
            "values": [{
                    "weight": 15,
                    "value": "ore:garnierite"
                },
                {
                    "weight": 15,
                    "value": "ore:poor:garnierite"
                },
                {
                    "weight": 15,
                    "value": "ore:nickel"
                },
                {
                    "weight": 15,
                    "value": "ore:poor:nickel"
                },
                {
                    "weight": 15,
                    "value": "ore:cobaltite"
                },
                {
                    "weight": 15,
                    "value": "ore:poor:cobaltite"
                },
                {
                    "weight": 10,
                    "value": "ore:pentlandite"
                }
            ]
        }
    }
}