{
    "weight": 55,
    "density": 0.3,
    "max_height": 50,
    "min_height": 10,
    "dimension_filter": [
        "dimension_id:0", "dimension_id:111"
    ],
    "generator": {
        "type": "ellipsoid",
        "radius": [13, 13]
    },
    "filler": {
        "type": "simple",
        "value": {
            "type": "weight_random",
            "values": [{
                    "weight": 5,
                    "value": "ore:prasiolite"
                },
                {
                    "weight": 30,
                    "value": "ore:bentonite"
                },
                {
                    "weight": 30,
                    "value": "ore:magnesite"
                },
                {
                    "weight": 30,
                    "value": "ore:olivine"
                },
                {
                    "weight": 5,
                    "value": "ore:glauconite"
                }
            ]
        }
    }
}
