{
    "weight": 70,
    "density": 0.4,
    "max_height": 50,
    "min_height": 10,
    "dimension_filter": [
        "dimension_id:0", "dimension_id:111"
    ],
    "surface_stone_material": "redstone",

    "generator": {
        "type": "ellipsoid",
        "radius": [17, 19]
    },
    "filler": {
        "type": "simple",
        "value": {
            "type": "weight_random",
            "values": [{
                    "weight": 60,
                    "value": "ore:redstone"
                },
                {
                    "weight": 20,
                    "value": "ore:ruby"
                },
                {
                    "weight": 20,
                    "value": "ore:cinnabar"
                },
                {
                    "weight": 5,
                    "value": "ore:chromite"
                }
            ]
        }
    }
}