{
    "weight": 60,
    "density": 0.7,
    "min_height": 40,
    "dimension_filter": [
        "dimension_id:0", "dimension_id:111"
    ],
    "surface_stone_material": "salt",

    "generator": {
        "type": "ellipsoid",
        "radius": [14, 17]
    },
    "filler": {
        "type": "simple",
        "value": {
            "type": "weight_random",
            "values": [{
                    "weight": 30,
                    "value": "ore:salt"
                },
                {
                    "weight": 35,
                    "value": "ore:rock_salt"
                },
                {
                    "weight": 10,
                    "value": "ore:lepidolite"
                }
            ]
        }
    }
}