{
    "weight": 60,
    "density": 0.3,
    "max_height": 40,
    "min_height": 10,
    "dimension_filter": [
        "dimension_id:0", "dimension_id:111"
    ],
    "surface_stone_material": "sapphire",

    "generator": {
        "type": "ellipsoid",
        "radius": [16, 17]
    },
    "filler": {
        "type": "simple",
        "value": {
            "type": "weight_random",
            "values": [{
                    "weight": 30,
                    "value": "ore:almandine"
                },
                {
                    "weight": 30,
                    "value": "ore:pyrope"
                },
                {
                    "weight": 30,
                    "value": "ore:sapphire"
                },
                {
                    "weight": 10,
                    "value": "ore:green_sapphire"
                }
            ]
        }
    }
}