{
    "weight": 80,
    "density": 0.3,
    "max_height": 30,
    "min_height": 10,
    "dimension_filter": [
        "dimension_id:0", "dimension_id:111"
    ],
    "surface_stone_material": "copper",

    "generator": {
        "type": "ellipsoid",
        "radius": [17, 18]
    },
    "filler": {
        "type": "simple",
        "value": {
            "type": "weight_random",
            "values": [{
                    "weight": 60,
                    "value": "ore:tenorite"
                },
                {
                    "weight": 20,
                    "value": "ore:copper"
                },
                {
                    "weight": 20,
                    "value": "ore:cuprite"
                }
            ]
        }
    }
}