{
    "weight": 70,
    "density": 0.3,
    "min_height": 50,
    "dimension_filter": [
        "dimension_id:0", "dimension_id:111"
    ],
    "surface_stone": {
        "material": "copper",
        "hidden": false
    },
    "biome_modifier": {
        "type": "biome_dictionary",
        "mountain": 20
    },

    "generator": {
        "type": "ellipsoid",
        "radius": [17, 18]
    },
    "filler": {
        "type": "simple",
        "value": {
            "type": "weight_random",
            "values": [{
                    "weight": 60,
                    "value": "ore:tetrahedrite"
                },
                {
                    "weight": 20,
                    "value": "ore:copper"
                },
                {
                    "weight": 20,
                    "value": "ore:stibnite"
                }
            ]
        }
    }
}