{
    "weight": 40,
    "density": 0.3,
    "max_height": 90,
    "min_height": 40,
    "dimension_filter": [
        "dimension_id:0", "dimension_id:111"
    ],
    "generator": {
        "type": "ellipsoid",
        "radius": [10, 10]
    },
    "filler": {
        "type": "simple",
        "value": {
            "type": "weight_random",
            "values": [{
                    "weight": 60,
                    "value": "ore:topaz"
                },
                {
                    "weight": 40,
                    "value": "ore:blue_topaz"
                }
            ]
        }
    }
}