{
    "weight": 45,
    "density": 0.5,
    "max_height": 60,
    "min_height": 10,
    "dimension_filter": [
        "dimension_id:0", "dimension_id:111"
    ],
    "surface_stone_material": "uranium_radioactive",
    "generator": {
        "type": "ellipsoid",
        "radius": [
            13,
            13
        ]
    },
    "filler": {
        "type": "ga_simple",
        "value": {
            "type": "weight_random",
            "values": [{
                    "weight": 50,
                    "value": "ore:uranium_radioactive"
                },
                {
                    "weight": 50,
                    "value": "ore:poor:uranium_radioactive"
                }
            ]
        }
    }
}
