{
    "name": "advancedrocketry:aliensapling",
    "mod": "advancedrocketry",
    "sapling": {
        "name": "advancedrocketry:aliensapling",
        "data": 0
    },
    "growTimeMultiplier": 1.0,
    "drops": [{
            "name": "advancedrocketry:alienwood",
            "data": 0,
            "type": "WOOD"
        },
        {
            "name": "advancedrocketry:alienleaves",
            "data": 0,
            "type": "LEAVES"
        },
        {
            "name": "advancedrocketry:charcoallog",
            "data": 0,
            "type": "CUSTOM",
            "count": 32,
            "chance": 0.6
        },
        {
            "name": "advancedrocketry:aliensapling",
            "data": 0,
            "type": "SAPLING"
        },
        {
            "name": "minecraft:apple",
            "data": 0,
            "type": "CUSTOM",
            "count": 6,
            "chance": 0.7
        }
    ]
}
