{
    "name": "gregtech:rubber_tree",
    "mod": "gregtech",
    "sapling": {
        "name": "gregtech:sapling",
        "data": 0
    },
    "growTimeMultiplier": 1.0,
    "drops": [{
            "name": "gregtech:log",
            "data": 0,
            "type": "WOOD"
        },
        {
            "name": "gregtech:leaves",
            "data": 0,
            "type": "LEAVES"
        },
        {
            "name": "gregtech:sapling",
            "data": 0,
            "type": "SAPLING"
        },
        {
            "name": "minecraft:apple",
            "data": 0,
            "type": "CUSTOM",
            "count": 6,
            "chance": 0.7
        },
        {
            "name": "gregtech:meta_item_1",
            "data": 32627,
            "type": "CUSTOM",
            "count": 6,
            "chance": 0.7
        }
    ]
}
