{
    "weight": 50,
    "density": 0.5,
    "max_height": 50,
    "min_height": 10,
    "dimension_filter": [
        "dimension_id:406"
    ],
    "generator": {
        "type": "ellipsoid",
        "radius": [
            20,
            20
        ]
    },
    "filler": {
        "type": "ga_simple",
        "value": {
            "type": "weight_random",
            "values": [{
                    "weight": 25,
                    "value": "ore:pure:naquadah"
                },
                {
                    "weight": 25,
                    "value": "ore:pure:naquadah_enriched"
                },
                {
                    "weight": 50,
                    "value": "ore:pure:naquadria"
                }
            ]
        }
    }
}