{
    "weight": 50,
    "density": 0.4,
    "max_height": 120,
    "min_height": 0,
    "dimension_filter": [
        "dimension_id:404"
    ],
    "generator": {
        "type": "ellipsoid",
        "radius": [
            14,
            14
        ]
    },
    "filler": {
        "type": "simple",
        "value": {
            "type": "weight_random",
            "values": [{
                    "weight": 80,
                    "value": "ore_dict:oreChromite"
                },
                {
                    "weight": 20,
                    "value": "ore:tantalite"
                }

            ]
        }
    }
}