{
    "weight": 40,
    "density": 0.4,
    "max_height": 120,
    "min_height": 0,
    "dimension_filter": [
        "dimension_id:404"
    ],
    "generator": {
        "type": "ellipsoid",
        "radius": [
            13,
            13
        ]
    },
    "filler": {
        "type": "ga_simple",
        "value": {
            "type": "weight_random",
            "values": [{
                    "weight": 40,
                    "value": "ore:pure:diamond"
                },

                {
                    "weight": 60,
                    "value": "ore:pure:coal"
                }
            ]
        }
    }
}