{
    "weight": 40,
    "density": 0.4,
    "max_height": 120,
    "min_height": 0,
    "dimension_filter": [
        "dimension_id:404"
    ],
    "generator": {
        "type": "ellipsoid",
        "radius": [
            16,
            17
        ]
    },
    "filler": {
        "type": "ga_simple",
        "value": {
            "type": "weight_random",
            "values": [{
                    "weight": 30,
                    "value": "ore:pure:almandine"
                },
                {
                    "weight": 30,
                    "value": "ore:pure:pyrope"
                },
                {
                    "weight": 30,
                    "value": "ore:pure:sapphire"
                },
                {
                    "weight": 10,
                    "value": "ore:pure:green_sapphire"
                }
            ]
        }
    }
}