{
    "weight": 60,
    "density": 0.4,
    "max_height": 120,
    "min_height": 0,
    "dimension_filter": [
        "dimension_id:404"
    ],
    "generator": {
        "type": "ellipsoid",
        "radius": [17, 18]
    },
    "filler": {
        "type": "ga_simple",
        "value": {
            "type": "weight_random",
            "values": [{
                    "weight": 60,
                    "value": "ore:pure:tenorite"
                },
                {
                    "weight": 20,
                    "value": "ore:pure:copper"
                },
                {
                    "weight": 20,
                    "value": "ore:pure:cuprite"
                }
            ]
        }
    }
}