{
    "weight": 40,
    "density": 0.4,
    "max_height": 120,
    "min_height": 0,
    "dimension_filter": [
        "dimension_id:404"
    ],
    "generator": {
        "type": "ellipsoid",
        "radius": [
            8,
            8
        ]
    },
    "filler": {
        "type": "ga_simple",
        "value": {
            "type": "weight_random",
            "values": [{
                    "weight": 30,
                    "value": "ore:pure:grossular"
                },
                {
                    "weight": 30,
                    "value": "ore:pure:spessartine"
                },
                {
                    "weight": 30,
                    "value": "ore:pure:pyrolusite"
                },
                {
                    "weight": 10,
                    "value": "ore:pure:tantalite"
                }
            ]
        }
    }
}