{
    "weight": 50,
    "density": 0.4,
    "max_height": 120,
    "min_height": 0,
    "dimension_filter": [
        "dimension_id:404"
    ],
    "generator": {
        "type": "ellipsoid",
        "radius": [
            17,
            19
        ]
    },
    "filler": {
        "type": "ga_simple",
        "value": {
            "type": "weight_random",
            "values": [{
                    "weight": 50,
                    "value": "ore:pure:tin"
                },
                {
                    "weight": 50,
                    "value": "ore:pure:cassiterite"
                }
            ]
        }
    }
}