{
    "weight": 50,
    "density": 0.4,
    "max_height": 120,
    "min_height": 0,
    "dimension_filter": [
        "dimension_id:404"
    ],
    "generator": {
        "type": "ellipsoid",
        "radius": [
            20,
            20
        ]
    },
    "filler": {
        "type": "ga_simple",
        "value": {
            "type": "weight_random",
            "values": [{
                    "weight": 60,
                    "value": "ore:pure:scheelite"
                },
                {
                    "weight": 20,
                    "value": "ore:pure:tungstate"
                },
                {
                    "weight": 20,
                    "value": "ore:pure:lithium"
                },
                {
                    "weight": 5,
                    "value": "ore:pure:tellurium"
                }
            ]
        }
    }
}