{
    "weight": 40,
    "density": 0.4,
    "max_height": 120,
    "min_height": 0,
    "dimension_filter": [
        "dimension_id:404"
    ],
    "generator": {
        "type": "ellipsoid",
        "radius": [
            8,
            9
        ]
    },
    "filler": {
        "type": "ga_simple",
        "value": {
            "type": "weight_random",
            "values": [{
                    "weight": 30,
                    "value": "ore:pure:lazurite"
                },
                {
                    "weight": 20,
                    "value": "ore:pure:sodalite"
                },
                {
                    "weight": 35,
                    "value": "ore:pure:lapis"
                },
                {
                    "weight": 15,
                    "value": "ore:pure:calcite"
                }
            ]
        }
    }
}