{
    "weight": 50,
    "density": 0.4,
    "max_height": 120,
    "min_height": 0,
    "dimension_filter": [
        "dimension_id:404"
    ],
    "generator": {
        "type": "ellipsoid",
        "radius": [
            12,
            12
        ]
    },
    "filler": {
        "type": "ga_simple",
        "value": {
            "type": "weight_random",
            "values": [{
                    "weight": 30,
                    "value": "ore:pure:redstone"
                },
                {
                    "weight": 60,
                    "value": "ore:pure:ruby"
                },
                {
                    "weight": 10,
                    "value": "ore:pure:cinnabar"
                }
            ]
        }
    }
}