{
    "weight": 50,
    "density": 0.4,
    "max_height": 120,
    "min_height": 0,
    "dimension_filter": [
        "dimension_id:404"
    ],
    "generator": {
        "type": "ellipsoid",
        "radius": [
            13,
            13
        ]
    },
    "filler": {
        "type": "ga_simple",
        "value": {
            "type": "weight_random",
            "values": [{
                    "weight": 80,
                    "value": "ore:rarest_metal_residue"
                },
                {
                    "weight": 5,
                    "value": "ore:poor:bowieite"
                },
                {
                    "weight": 15,
                    "value": "ore:celestine"
                }
            ]
        }
    }
}