{
    "images": {
        "title": {
            "image": "textures:Logoish.png",
            "posX": -132,
            "posY": 82,
            "width": 250,
            "height": 80,
            "alignment": "top_center"
        }
    },

    "buttons": {
        "singleplayer": {
            "text": "menu.singleplayer",
            "posX": -100,
            "posY": 48,
            "width": 200,
            "height": 20,
            "action": {
                "type": "openGui",
                "gui": "singleplayer"
            }
        },

        "multiplayer": {
            "text": "menu.multiplayer",
            "posX": -100,
            "posY": 72,
            "width": 200,
            "height": 20,
            "action": {
                "type": "openGui",
                "gui": "multiplayer"
            }
        },

        "mods": {
            "text": "fml.menu.mods",
            "posX": -100,
            "posY": 96,
            "width": 200,
            "height": 20,
            "action": {
                "type": "openGui",
                "gui": "mods"
            }
        },
        "discord": {
            "text": "Join Us On Discord",
            "posX": -100,
            "posY": 121,
            "width": 200,
            "height": 20,
            "action": {
                "type": "openLink",
                "link": "https://discord.gg/sKbWskxXdG"
            }

        },

        "options": {
            "text": "menu.options",
            "posX": -100,
            "posY": 145,
            "width": 98,
            "height": 20,
            "action": {
                "type": "openGui",
                "gui": "options"
            }
        },

        "quit": {
            "text": "menu.quit",
            "posX": 2,
            "posY": 145,
            "width": 98,
            "height": 20,
            "action": {
                "type": "quit"
            }
        },

        "language": {
            "text": "",
            "posX": -124,
            "posY": 145,
            "width": 20,
            "height": 20,
            "action": {
                "type": "openGui",
                "gui": "languages"
            }
        }
    },

    "labels": {
        "mojang": {
            "text": "Copyright Mojang AB. Do not distribute!",
            "hoverText": "�nCopyright Mojang AB. Do not distribute!",
            "posX": -197,
            "posY": -10,
            "color": -1,
            "alignment": "bottom_right",
            "action": {
                "type": "openGui",
                "gui": "credits"
            }
        },

        "fml": {
            "text": "",
            "posX": 2,
            "posY": -40,
            "color": -1,
            "alignment": "bottom_left"
        }
    },

    "other": {
        "background": {
            "image": "",
            "slideshow": {
                "images": [
                    "textures:main4.png",
                    "textures:main_menu/slideshow_1.png",
                    "textures:main_menu/slideshow_2.png",
                    "textures:main_menu/slideshow_3.png",
                    "textures:main_menu/slideshow_4.png",
                    "textures:main_menu/slideshow_5.png",
                    "textures:main_menu/slideshow_6.png",
                    "textures:main_menu/slideshow_7.png",
                    "textures:main_menu/slideshow_8.png",
                    "textures:main_menu/slideshow_9.png",
                    "textures:main_menu/slideshow_10.png",
                    "textures:main_menu/slideshow_11.png",
                    "textures:main_menu/slideshow_12.png",
                    "textures:main_menu/slideshow_13.png",
                    "textures:main_menu/slideshow_14.png",
                    "textures:main_menu/slideshow_15.png",
                    "textures:main_menu/slideshow_16.png",
                    "textures:main_menu/slideshow_17.png",
                    "textures:main_menu/slideshow_18.png",
                    "textures:main_menu/slideshow_19.png",
                    "textures:main_menu/slideshow_20.png",
                    "textures:main_menu/slideshow_21.png",
                    "textures:main_menu/slideshow_22.png",
                    "textures:main_menu/slideshow_24.png",
                    "textures:main_menu/slideshow_25.png",
                    "textures:main_menu/slideshow_26.png",
                    "textures:main_menu/slideshow_27.png",
                    "textures:main_menu/slideshow_28.png",
                    "textures:main_menu/slideshow_29.png",
                    "textures:main_menu/slideshow_30.png",
                    "textures:main_menu/slideshow_31.png",
                    "textures:main_menu/slideshow_32.png",
                    "textures:main_menu/slideshow_33.png",
                    "textures:main_menu/slideshow_34.png",
                    "textures:main_menu/slideshow_35.png",
                    "textures:main_menu/slideshow_36.png",
                    "textures:main_menu/slideshow_37.png",
                    "textures:main_menu/slideshow_38.png",
                    "textures:main_menu/slideshow_39.png"
                ],
                "displayDuration": 60,
                "fadeDuration": 35
            }
        }
    }
}
