{
    "weight": 50,
    "density": 0.5,
    "max_height": 256,
    "min_height": 0,
    "dimension_filter": [
        "dimension_id:405"
    ],
    "generator": {
        "type": "ellipsoid",
        "radius": [
            15,
            15
        ]
    },
    "filler": {
        "type": "ga_simple",
        "value": {
            "type": "weight_random",
            "values": [{
                    "weight": 80,
                    "value": "ore:pure:uranium"
                },
                {
                    "weight": 15,
                    "value": "ore:poor:neptunium"
                },
                {
                    "weight": 5,
                    "value": "ore:poor:plutonium_radioactive"
                }
            ]
        }
    }
}