{
    "weight": 50,
    "density": 0.6,
    "max_height": 50,
    "min_height": 10,
    "dimension_filter": [
        "dimension_id:405"
    ],
    "generator": {
        "type": "ellipsoid",
        "radius": [
            18,
            18
        ]
    },
    "filler": {
        "type": "ga_simple",
        "value": {
            "type": "weight_random",
            "values": [{
                    "weight": 40,
                    "value": "ore:platinum_metallic_powder"
                },
                {
                    "weight": 40,
                    "value": "ore:palladium_metallic_powder"
                },
                {
                    "weight": 20,
                    "value": "ore:rhodium_salt"
                }
            ]
        }
    }
}
